"list size"," steps taken"," cpu time","swaps"
100,2493.0,0.001634800,2593.0
100,2452.0,0.001598650,2552.0
1000,248641.0,0.159372000,249641.0
1000,252093.0,0.162263100,253093.0
2000,995754.0,0.645294700,997754.0
2000,999476.0,0.647324650,1001476.0
500,62698.0,0.040285250,63198.0
500,62607.0,0.040024500,63107.0
5000,6227793.0,4.034379400,6232793.0
5000,6242959.0,4.066435550,6247959.0
10,21.0,0.000026250,31.0
10,21.0,0.000023900,31.0
