"list size"," steps taken"," cpu time","swaps"
100000,1536392.0,1.759191500
200000,3272674.0,3.786903300
350000,6011640.0,7.315917300
500000,8837043.0,10.357083850
50000,718168.0,0.835425050
