"list size"," steps taken"," cpu time","swaps"
100,4950.0,0.002397650,2409.0
100,4950.0,0.002484700,2504.0
1000,499500.0,0.238156550,242104.0
1000,499500.0,0.237441900,244238.0
2000,1999000.0,0.941812200,941478.0
2000,1999000.0,0.946522950,936257.0
500,124750.0,0.060280100,61764.0
500,124750.0,0.060554650,61028.0
5000,12497500.0,5.767098450,5305769.0
5000,12497500.0,5.712756400,5323900.0
10,45.0,0.000037600,25.0
10,45.0,0.000036850,23.0
