graph size, steps, time
100,9941,0.019393000
200,39528,0.090403000
300,89441,0.258801000
400,158921,0.549701000
500,249345,0.886380000
