entries,steps,timer,swaps
10,10,0.0000306,32
100,421,0.0006126,924
500,3070,0.0043593,6576
1000,7604,0.0103548,15610
2000,18871,0.0247276,36877
5000,61161,0.07944905,116166